Email ID,Sender,Email Summary,Issue Type,Ideal Reply
001,Help MocoQueen <help@mocoqueen.com>,"Dear Tayla,  Thank you very much for taking the time to share your experience with us.We sincerely apologize for the disappointment and inconvenience",Shipping Delay,We apologize for the delay. Your package is in transit and we are monitoring it closely. Thank you for your patience.
002,Help MocoQueen <help@mocoqueen.com>,"Dear Abigail,  We have processed a refund for your order. The refund will be credited back to the original payment method used for your purchase.  Typ",Cancellation,Your order has been canceled as requested. A refund will be issued within 3-5 business days.
003,Help MocoQueen <help@mocoqueen.com>,"Dear  Maryuri,  You're very welcome, and thank you again for your kind response! üòä I‚Äôm happy to share a quick update regarding your order.  To make su",Shipping Delay,We apologize for the delay. Your package is in transit and we are monitoring it closely. Thank you for your patience.
004,Help MocoQueen <help@mocoqueen.com>,"Dear Nicole,  Thank you so much for your message, and for sharing your prescription with us!  Based on the prescription you provided ‚Äî *OD (Right Eye)",General Inquiry,Thank you for reaching out. We will review your message and respond shortly.
005,Help MocoQueen <help@mocoqueen.com>,"Dear Hurricane,  Thank you so much for reaching out to us. I truly understand your concern, and I‚Äôm really sorry that the lack of updates has caused y",Shipping Delay,We apologize for the delay. Your package is in transit and we are monitoring it closely. Thank you for your patience.
006,Help MocoQueen <help@mocoqueen.com>,"Dear,  Thank you for your email.  Our shipping details at this time are as followsÔºö  Order Processing: 1 Business Day USPS Standard Delivery Time (US)",General Inquiry,Thank you for reaching out. We will review your message and respond shortly.
007,Help MocoQueen <help@mocoqueen.com>,"Dear Arii,  Thank you for bringing this matter to our attention, and we sincerely apologize for the inconvenience caused by the issue you have experie",General Inquiry,Thank you for reaching out. We will review your message and respond shortly.
008,Help MocoQueen <help@mocoqueen.com>,"My pleasureüíóüíóüôèüôè  On Mon, May 19, 2025 at 4:56‚ÄØPM Alexandra Snowden < snowdenalexandra04@gmail.com> wrote:  > Thank you for your help! > > On Mon, May",Shipping Delay,We apologize for the delay. Your package is in transit and we are monitoring it closely. Thank you for your patience.
009,Help MocoQueen <help@mocoqueen.com>,"Dear Dluax,  Thank you so much for your reply, and we‚Äôre so sorry for the delay in getting back to you! üíå  Unfortunately, we didn‚Äôt receive your messa",Return Request,"Hello, please return the unopened package to the following address via USPS First Class: Name: MocoQueen, Address: 20855 Ventura Blvd Ste 10AC, City: Woodland Hills, CA, Zip: 91364-0830, Country: USA. Please send us the tracking number once shipped. Refund will be processed after we receive and inspect the package. Original shipping cost is non-refundable, and return shipping is the customer's responsibility. More info: https://mocoqueen.com/pages/return-exchange-and-cancellation"
010,Help MocoQueen <help@mocoqueen.com>,"Dear Jess,  Thank you so much for your kind words and for taking the time to reach out to us! üòä We‚Äôre always happy to help, and we completely understa",General Inquiry,Thank you for reaching out. We will review your message and respond shortly.
011,Help MocoQueen <help@mocoqueen.com>,"Dear Angelika,  We apologize for the inconvenience you're experiencing with one of our contact lenses. We're here to help resolve the issue.  To addre",General Inquiry,Thank you for reaching out. We will review your message and respond shortly.
012,Help MocoQueen <help@mocoqueen.com>,"Dear April,  Thank you for reaching out to us.Your inquiry has been addressed in the email we sent previously.  Please check your inbox for our respon",General Inquiry,Thank you for reaching out. We will review your message and respond shortly.
013,Help MocoQueen <help@mocoqueen.com>,"Dear Quan,  Thank you so much for your message, and we truly appreciate your patience!  I‚Äôd like to kindly reassure you that seeing the status marked",Shipping Delay,We apologize for the delay. Your package is in transit and we are monitoring it closely. Thank you for your patience.
014,Help MocoQueen <help@mocoqueen.com>,"Dear Xiom,  Thank you so much for your decision to retain your order with us. We greatly appreciate your understanding and continued support!  As a to",Return Request,"Hello, please return the unopened package to the following address via USPS First Class: Name: MocoQueen, Address: 20855 Ventura Blvd Ste 10AC, City: Woodland Hills, CA, Zip: 91364-0830, Country: USA. Please send us the tracking number once shipped. Refund will be processed after we receive and inspect the package. Original shipping cost is non-refundable, and return shipping is the customer's responsibility. More info: https://mocoqueen.com/pages/return-exchange-and-cancellation"
015,Help MocoQueen <help@mocoqueen.com>,"Dear Claire,  Thank you so much for your understanding and prompt response! üòä  We truly appreciate your support, and as requested, here is your $15 co",General Inquiry,Thank you for reaching out. We will review your message and respond shortly.
016,Help MocoQueen <help@mocoqueen.com>,"Dear Sand,  Thank you so much for your kind understanding ‚Äî we truly appreciate it! üíõ No worries at all about opening the lenses; we completely unders",Return Request,"Hello, please return the unopened package to the following address via USPS First Class: Name: MocoQueen, Address: 20855 Ventura Blvd Ste 10AC, City: Woodland Hills, CA, Zip: 91364-0830, Country: USA. Please send us the tracking number once shipped. Refund will be processed after we receive and inspect the package. Original shipping cost is non-refundable, and return shipping is the customer's responsibility. More info: https://mocoqueen.com/pages/return-exchange-and-cancellation"
017,Help MocoQueen <help@mocoqueen.com>,"Dear Daisy,  We have processed a refund for your order. The refund will be credited back to the original payment method used for your purchase.  Typic",Cancellation,Your order has been canceled as requested. A refund will be issued within 3-5 business days.
018,Help MocoQueen <help@mocoqueen.com>,"Dear Ellie,  I understand that you would like to cancel your order with the order number 135315. To assist you further, may I ask for the reason you w",Cancellation,Your order has been canceled as requested. A refund will be issued within 3-5 business days.
019,Help MocoQueen <help@mocoqueen.com>,"Dear Marie,  I hope this email finds you well üòä.  We recently reached out regarding your request to cancel your order. As mentioned in our previous em",Cancellation,Your order has been canceled as requested. A refund will be issued within 3-5 business days.
020,Help MocoQueen <help@mocoqueen.com>,"Dear Marianna,  Thank you so much for getting back to us, and I truly understand the difficulty of the situation, especially with your event now over",Return Request,"Hello, please return the unopened package to the following address via USPS First Class: Name: MocoQueen, Address: 20855 Ventura Blvd Ste 10AC, City: Woodland Hills, CA, Zip: 91364-0830, Country: USA. Please send us the tracking number once shipped. Refund will be processed after we receive and inspect the package. Original shipping cost is non-refundable, and return shipping is the customer's responsibility. More info: https://mocoqueen.com/pages/return-exchange-and-cancellation"
021,Help MocoQueen <help@mocoqueen.com>,"Dear Monica,  You're very welcome! üòä  Yes, as long as the lenses are kept unopened and in their original sealed packaging, they will stay perfectly go",Return Request,"Hello, please return the unopened package to the following address via USPS First Class: Name: MocoQueen, Address: 20855 Ventura Blvd Ste 10AC, City: Woodland Hills, CA, Zip: 91364-0830, Country: USA. Please send us the tracking number once shipped. Refund will be processed after we receive and inspect the package. Original shipping cost is non-refundable, and return shipping is the customer's responsibility. More info: https://mocoqueen.com/pages/return-exchange-and-cancellation"
022,Help MocoQueen <help@mocoqueen.com>,"Dear Amanda,  Thank you so much for getting back to us, and we completely understand! üíñ  If you have a specific ‚Äúcyborg‚Äù-inspired look in mind, we‚Äôd l",Cancellation,Your order has been canceled as requested. A refund will be issued within 3-5 business days.
023,Help MocoQueen <help@mocoqueen.com>,"Dear  Tripp Hanley,  Hi! No worries ‚Äî your order #134888 is still being processed and will be shipped out as scheduled.  Thank you for the update, and",Cancellation,Your order has been canceled as requested. A refund will be issued within 3-5 business days.
024,Help MocoQueen <help@mocoqueen.com>,"Dear Rebecca,  Thank you for reaching out to us.Your inquiry has been addressed in the email we sent previously.  Please check your inbox for our resp",Cancellation,Your order has been canceled as requested. A refund will be issued within 3-5 business days.
025,Help MocoQueen <help@mocoqueen.com>,"Dear Alice,  We have processed a refund for your order. The refund will be credited back to the original payment method used for your purchase.  Typic",Cancellation,Your order has been canceled as requested. A refund will be issued within 3-5 business days.
026,Help MocoQueen <help@mocoqueen.com>,"Dear Xxfruitcakexx,  You're very welcome! üòä We're so glad we could get everything updated for you smoothly.  Your order will be on its way shortly, an",General Inquiry,Thank you for reaching out. We will review your message and respond shortly.
027,Help MocoQueen <help@mocoqueen.com>,"Dear Oanh,  Thank you so much for your decision to retain your order with us. We greatly appreciate your understanding and continued support!  As a to",Cancellation,Your order has been canceled as requested. A refund will be issued within 3-5 business days.
028,Help MocoQueen <help@mocoqueen.com>,"Dear Mia,  Thank you for reaching out to us.  We regret to inform you that your order has already been processed and packed at our warehouse, so we ar",Return Request,"Hello, please return the unopened package to the following address via USPS First Class: Name: MocoQueen, Address: 20855 Ventura Blvd Ste 10AC, City: Woodland Hills, CA, Zip: 91364-0830, Country: USA. Please send us the tracking number once shipped. Refund will be processed after we receive and inspect the package. Original shipping cost is non-refundable, and return shipping is the customer's responsibility. More info: https://mocoqueen.com/pages/return-exchange-and-cancellation"
029,Help MocoQueen <help@mocoqueen.com>,"Dear Laura,  We have updated the delivery address to the correct one as per your request. Please check the updated address to ensure everything is acc",General Inquiry,Thank you for reaching out. We will review your message and respond shortly.
030,Help MocoQueen <help@mocoqueen.com>,"Dear Christina,  Thank you for your understanding and for letting us know about the situation. We sincerely apologize for the inconvenience caused by",Return Request,"Hello, please return the unopened package to the following address via USPS First Class: Name: MocoQueen, Address: 20855 Ventura Blvd Ste 10AC, City: Woodland Hills, CA, Zip: 91364-0830, Country: USA. Please send us the tracking number once shipped. Refund will be processed after we receive and inspect the package. Original shipping cost is non-refundable, and return shipping is the customer's responsibility. More info: https://mocoqueen.com/pages/return-exchange-and-cancellation"
031,Help MocoQueen <help@mocoqueen.com>,"Dear Vod,  Thank you so much for your message! üòä  We truly appreciate your interest in picking up lenses in person. While our warehouse is indeed loca",General Inquiry,Thank you for reaching out. We will review your message and respond shortly.
032,Help MocoQueen <help@mocoqueen.com>,"Dear Vod,  Thank you so much for your message! üòä  We truly appreciate your interest in picking up lenses in person. While our warehouse is indeed loca",General Inquiry,Thank you for reaching out. We will review your message and respond shortly.
033,Help MocoQueen <help@mocoqueen.com>,"Dear Cami,  Thank you for bringing this matter to our attention, and we sincerely apologize for the inconvenience caused by the issue you have experie",General Inquiry,Thank you for reaching out. We will review your message and respond shortly.
034,Help MocoQueen <help@mocoqueen.com>,"Dear Connor,  Thank you so much for reaching out to us! üòä  We‚Äôd love to help you with your question about the Zombie Sclera lenses. Could you kindly l",General Inquiry,Thank you for reaching out. We will review your message and respond shortly.
035,Help MocoQueen <help@mocoqueen.com>,"Dear Nina,  Thank you for reaching out regarding your order. I apologize for the inconvenience caused by the delay in your shipment.  We have reviewed",Return Request,"Hello, please return the unopened package to the following address via USPS First Class: Name: MocoQueen, Address: 20855 Ventura Blvd Ste 10AC, City: Woodland Hills, CA, Zip: 91364-0830, Country: USA. Please send us the tracking number once shipped. Refund will be processed after we receive and inspect the package. Original shipping cost is non-refundable, and return shipping is the customer's responsibility. More info: https://mocoqueen.com/pages/return-exchange-and-cancellation"
036,Help MocoQueen <help@mocoqueen.com>,"Dear Micaiah,  Thank you for reaching out to us! üòä  If you can reply to us within the next two hours, we will be able to arrange to reship your origin",Shipping Delay,We apologize for the delay. Your package is in transit and we are monitoring it closely. Thank you for your patience.
037,Help MocoQueen <help@mocoqueen.com>,"Thank you for your kind wordsüíóü´∂üèª  On Thu, May 8, 2025 at 7:38‚ÄØPM Heto Hatred <hetohatred@gmail.com> wrote:  > More than happy to leave a review, and I",General Inquiry,Thank you for reaching out. We will review your message and respond shortly.
038,Help MocoQueen <help@mocoqueen.com>,"Dear Santiago,  Thank you so much for the update ‚Äî that sounds perfect!  If you have any other questions or need further assistance, please feel free",General Inquiry,Thank you for reaching out. We will review your message and respond shortly.
039,Help MocoQueen <help@mocoqueen.com>,"Dear RaeAnn,  I hope this message finds you well! üòä  I just wanted to follow up on our previous discussion about wholesale lens prices.We were so exci",General Inquiry,Thank you for reaching out. We will review your message and respond shortly.
040,Help MocoQueen <help@mocoqueen.com>,"Dear Wyatt,  Thank you so much for reaching out to us and sharing your experience. We truly appreciate your honesty and your continued support as a va",Return Request,"Hello, please return the unopened package to the following address via USPS First Class: Name: MocoQueen, Address: 20855 Ventura Blvd Ste 10AC, City: Woodland Hills, CA, Zip: 91364-0830, Country: USA. Please send us the tracking number once shipped. Refund will be processed after we receive and inspect the package. Original shipping cost is non-refundable, and return shipping is the customer's responsibility. More info: https://mocoqueen.com/pages/return-exchange-and-cancellation"
041,Help MocoQueen <help@mocoqueen.com>,"Dear Emma,  Thank you so much for reaching out! üòä  Your order (#134072) was placed on 5/9, and as our warehouse does not process shipments over the we",General Inquiry,Thank you for reaching out. We will review your message and respond shortly.
042,Help MocoQueen <help@mocoqueen.com>,"Dear Inara,  Thank you for reaching out to us! üòä  We completely understand your concern and sincerely apologize for the inconvenience caused by the de",Return Request,"Hello, please return the unopened package to the following address via USPS First Class: Name: MocoQueen, Address: 20855 Ventura Blvd Ste 10AC, City: Woodland Hills, CA, Zip: 91364-0830, Country: USA. Please send us the tracking number once shipped. Refund will be processed after we receive and inspect the package. Original shipping cost is non-refundable, and return shipping is the customer's responsibility. More info: https://mocoqueen.com/pages/return-exchange-and-cancellation"
043,Help MocoQueen <help@mocoqueen.com>,"Dear Shiloh,  Thank you so much for your prompt reply and for providing the additional information.  We‚Äôre happy to let you know that we have successf",Shipping Delay,We apologize for the delay. Your package is in transit and we are monitoring it closely. Thank you for your patience.
044,Help MocoQueen <help@mocoqueen.com>,"Dear Daniel,  Thank you so much for reaching out to us, and we're very sorry to hear about the trouble you've experienced with the delivery of your or",Shipping Delay,We apologize for the delay. Your package is in transit and we are monitoring it closely. Thank you for your patience.
045,Help MocoQueen <help@mocoqueen.com>,"Dear Rebecca,  Thank you for reaching out to us, and I‚Äôm truly sorry for the inconvenience caused by the delayed delivery üòî.  After carefully reviewin",Return Request,"Hello, please return the unopened package to the following address via USPS First Class: Name: MocoQueen, Address: 20855 Ventura Blvd Ste 10AC, City: Woodland Hills, CA, Zip: 91364-0830, Country: USA. Please send us the tracking number once shipped. Refund will be processed after we receive and inspect the package. Original shipping cost is non-refundable, and return shipping is the customer's responsibility. More info: https://mocoqueen.com/pages/return-exchange-and-cancellation"
046,Help MocoQueen <help@mocoqueen.com>,"Dear natalie,  Thank you so much for reaching out to us again, and I‚Äôm very sorry if you felt overlooked ‚Äî we completely understand how important this",General Inquiry,Thank you for reaching out. We will review your message and respond shortly.
047,Help MocoQueen <help@mocoqueen.com>,"Dear Kevin,  Thank you for bringing this matter to our attention, and we sincerely apologize for the inconvenience caused by the issue you have experi",Shipping Delay,We apologize for the delay. Your package is in transit and we are monitoring it closely. Thank you for your patience.
048,Help MocoQueen <help@mocoqueen.com>,"Dear Eddie,  Thank you for bringing this matter to our attention, and we sincerely apologize for the inconvenience caused by the issue you have experi",General Inquiry,Thank you for reaching out. We will review your message and respond shortly.
049,Help MocoQueen <help@mocoqueen.com>,"Dear Erandi,  Thank you so much for your kind message ‚Äî we truly appreciate your support and we're so glad to hear that you've placed a new order! üòä",Return Request,"Hello, please return the unopened package to the following address via USPS First Class: Name: MocoQueen, Address: 20855 Ventura Blvd Ste 10AC, City: Woodland Hills, CA, Zip: 91364-0830, Country: USA. Please send us the tracking number once shipped. Refund will be processed after we receive and inspect the package. Original shipping cost is non-refundable, and return shipping is the customer's responsibility. More info: https://mocoqueen.com/pages/return-exchange-and-cancellation"
050,Help MocoQueen <help@mocoqueen.com>,"Dear Marisa,  Thank you for your email.  Our shipping details at this time are as followsÔºö  *Order Processing: 1 Business Day* USPS Standard Delivery",General Inquiry,Thank you for reaching out. We will review your message and respond shortly.
051,Help MocoQueen <help@mocoqueen.com>,"Dear Parker,  Thank you for bringing this matter to our attention, and we sincerely apologize for the inconvenience caused by the issue you have exper",General Inquiry,Thank you for reaching out. We will review your message and respond shortly.
052,Help MocoQueen <help@mocoqueen.com>,"Dear Kendra Truitt,  We have updated the delivery address to the correct one as per your request. Please check the updated address to ensure everythin",Cancellation,Your order has been canceled as requested. A refund will be issued within 3-5 business days.
053,Help MocoQueen <help@mocoqueen.com>,"Dear Lyn,  Thank you so much for reaching out, and I‚Äôm truly sorry to hear about the trouble with your missing package. I completely understand how fr",General Inquiry,Thank you for reaching out. We will review your message and respond shortly.
054,Help MocoQueen <help@mocoqueen.com>,"Dear Grant,  Thank you for your understanding, and I'm truly sorry for the trouble you're experiencing with the lenses. üíî  Unfortunately, once the len",Return Request,"Hello, please return the unopened package to the following address via USPS First Class: Name: MocoQueen, Address: 20855 Ventura Blvd Ste 10AC, City: Woodland Hills, CA, Zip: 91364-0830, Country: USA. Please send us the tracking number once shipped. Refund will be processed after we receive and inspect the package. Original shipping cost is non-refundable, and return shipping is the customer's responsibility. More info: https://mocoqueen.com/pages/return-exchange-and-cancellation"
055,Help MocoQueen <help@mocoqueen.com>,"Dear  Zach,  Thank you for reaching out regarding your order. I apologize for the inconvenience caused by the delay in your shipment.  We have reviewe",Return Request,"Hello, please return the unopened package to the following address via USPS First Class: Name: MocoQueen, Address: 20855 Ventura Blvd Ste 10AC, City: Woodland Hills, CA, Zip: 91364-0830, Country: USA. Please send us the tracking number once shipped. Refund will be processed after we receive and inspect the package. Original shipping cost is non-refundable, and return shipping is the customer's responsibility. More info: https://mocoqueen.com/pages/return-exchange-and-cancellation"
056,Help MocoQueen <help@mocoqueen.com>,"Dear hany,  Thank you for reaching out to us!  We wanted to let you know that your order (#135157), placed on *May 16th, 2025*, will be shipped soon.",General Inquiry,Thank you for reaching out. We will review your message and respond shortly.
057,Help MocoQueen <help@mocoqueen.com>,"Dear Frejya,  Thank you for bringing this matter to our attention, and we sincerely apologize for the inconvenience caused by the issue you have exper",General Inquiry,Thank you for reaching out. We will review your message and respond shortly.
058,Help MocoQueen <help@mocoqueen.com>,"Dear Euforia,  Thank you so much for your lovely message! We‚Äôre absolutely thrilled to hear that your contact lenses have finally arrived safely and t",Shipping Delay,We apologize for the delay. Your package is in transit and we are monitoring it closely. Thank you for your patience.
059,Help MocoQueen <help@mocoqueen.com>,"Dear Grace,  Thank you so much for reaching out to us!  We‚Äôre truly sorry, but if the shipment is going to the UK, we can only send it via internation",General Inquiry,Thank you for reaching out. We will review your message and respond shortly.
060,Help MocoQueen <help@mocoqueen.com>,"Dear Mackenzie,  Thank you for bringing this matter to our attention, and we sincerely apologize for the inconvenience caused by the issue you have ex",General Inquiry,Thank you for reaching out. We will review your message and respond shortly.
061,Help MocoQueen <help@mocoqueen.com>,"Dear Ryan,  Thank you for reaching out to us.Your inquiry has been addressed in the email we sent previously.  Please check your inbox for our respons",General Inquiry,Thank you for reaching out. We will review your message and respond shortly.
062,Help MocoQueen <help@mocoqueen.com>,"Dear Ramiyah,  Thank you so much for reaching out, and no worries at all ‚Äî we completely understand how easy it is to accidentally input the wrong ema",General Inquiry,Thank you for reaching out. We will review your message and respond shortly.
063,Help MocoQueen <help@mocoqueen.com>,"Dear Kate,  Thank you for bringing this matter to our attention, and we sincerely apologize for the inconvenience caused by the issue you have experie",Shipping Delay,We apologize for the delay. Your package is in transit and we are monitoring it closely. Thank you for your patience.
064,Help MocoQueen <help@mocoqueen.com>,"Dear JMO,  Thank you so much for your kind reply! üíõ We‚Äôre truly happy to hear that you‚Äôre willing to accept the coupon, and we‚Äôre excited to have the",Return Request,"Hello, please return the unopened package to the following address via USPS First Class: Name: MocoQueen, Address: 20855 Ventura Blvd Ste 10AC, City: Woodland Hills, CA, Zip: 91364-0830, Country: USA. Please send us the tracking number once shipped. Refund will be processed after we receive and inspect the package. Original shipping cost is non-refundable, and return shipping is the customer's responsibility. More info: https://mocoqueen.com/pages/return-exchange-and-cancellation"
065,Help MocoQueen <help@mocoqueen.com>,"Dear Jeremy,  Thank you for your email.  Our shipping details at this time are as followsÔºö  Order Processing: 1 Business Day USPS Standard Delivery Ti",General Inquiry,Thank you for reaching out. We will review your message and respond shortly.
066,Help MocoQueen <help@mocoqueen.com>,"Dear julie, Thank you so much for reaching out! üíñ  Yes, even for non-prescription (also called ""plano"") contact lenses, a valid contact lens prescript",General Inquiry,Thank you for reaching out. We will review your message and respond shortly.
067,Help MocoQueen <help@mocoqueen.com>,"Dear Katelynn,  Thank you for reaching out to us.Your inquiry has been addressed in the email we sent previously.  Please check your inbox for our res",Return Request,"Hello, please return the unopened package to the following address via USPS First Class: Name: MocoQueen, Address: 20855 Ventura Blvd Ste 10AC, City: Woodland Hills, CA, Zip: 91364-0830, Country: USA. Please send us the tracking number once shipped. Refund will be processed after we receive and inspect the package. Original shipping cost is non-refundable, and return shipping is the customer's responsibility. More info: https://mocoqueen.com/pages/return-exchange-and-cancellation"
068,Help MocoQueen <help@mocoqueen.com>,"Dear KyFx,  Thank you for your kind wordsüíóüíóü´∂üèª  If you are satisfied with our customer service, I would appreciate it if you could take a moment to cli",Return Request,"Hello, please return the unopened package to the following address via USPS First Class: Name: MocoQueen, Address: 20855 Ventura Blvd Ste 10AC, City: Woodland Hills, CA, Zip: 91364-0830, Country: USA. Please send us the tracking number once shipped. Refund will be processed after we receive and inspect the package. Original shipping cost is non-refundable, and return shipping is the customer's responsibility. More info: https://mocoqueen.com/pages/return-exchange-and-cancellation"
069,Help MocoQueen <help@mocoqueen.com>,"Dear LUNA,  Thank you for reaching out regarding your order. I apologize for the inconvenience caused by the delay in your shipment.  We have reviewed",Shipping Delay,We apologize for the delay. Your package is in transit and we are monitoring it closely. Thank you for your patience.
070,Help MocoQueen <help@mocoqueen.com>,"Dear Marisa,  Thank you for bringing this matter to our attention, and we sincerely apologize for the inconvenience caused by the issue you have exper",Shipping Delay,We apologize for the delay. Your package is in transit and we are monitoring it closely. Thank you for your patience.
071,Help MocoQueen <help@mocoqueen.com>,"Dear Solid,  Thank you for providing your order number, and we‚Äôre so glad to hear that your items have arrived!  [image: image.png] According to our s",Shipping Delay,We apologize for the delay. Your package is in transit and we are monitoring it closely. Thank you for your patience.
072,Help MocoQueen <help@mocoqueen.com>,"Dear Matthew,  Thank you so much for reaching out! üòä  For the look inspired by Benimaru from *Fire Force*, the style that comes closest to what you're",General Inquiry,Thank you for reaching out. We will review your message and respond shortly.
073,Help MocoQueen <help@mocoqueen.com>,"Dear Madison,  Thank you so much for your message! üå∑  We're glad to hear your package has arrived, and we truly appreciate your patience throughout th",Shipping Delay,We apologize for the delay. Your package is in transit and we are monitoring it closely. Thank you for your patience.
074,Help MocoQueen <help@mocoqueen.com>,"Dear Madison,  We sincerely apologize for the delay and for not getting back to you sooner. We completely understand how important it is for your orde",Shipping Delay,We apologize for the delay. Your package is in transit and we are monitoring it closely. Thank you for your patience.
075,Help MocoQueen <help@mocoqueen.com>,"Dear Seth,  Thank you so much for your kind understanding ‚Äî we truly appreciate your patience and support! üíñ  As requested, we‚Äôve issued your *$15 *co",Shipping Delay,We apologize for the delay. Your package is in transit and we are monitoring it closely. Thank you for your patience.
076,Help MocoQueen <help@mocoqueen.com>,"Dear Vincent,  We have checked the USPS record, and it shows that your package was delivered on 4/5. We understand that you may not have received it,",Cancellation,Your order has been canceled as requested. A refund will be issued within 3-5 business days.
077,Help MocoQueen <help@mocoqueen.com>,"Dear Heaven,  Thank you so much for your response, and I'm truly sorry to hear that you didn‚Äôt receive your package in time for Momocon. We completely",Shipping Delay,We apologize for the delay. Your package is in transit and we are monitoring it closely. Thank you for your patience.
078,Help MocoQueen <help@mocoqueen.com>,"Dear Marie,  We have checked the USPS record, and it shows that your package was delivered on 6/2. We understand that you may not have received it, an",General Inquiry,Thank you for reaching out. We will review your message and respond shortly.
079,Help MocoQueen <help@mocoqueen.com>,"Dear Maggie,  We have updated the delivery address to the correct one as per your request. Please check the updated address to ensure everything is ac",General Inquiry,Thank you for reaching out. We will review your message and respond shortly.
080,Help MocoQueen <help@mocoqueen.com>,"Dear Bruh,  Thank you so much for reaching out. I‚Äôm truly sorry to hear about the delay with your order, and I completely understand how disappointing",Shipping Delay,We apologize for the delay. Your package is in transit and we are monitoring it closely. Thank you for your patience.
081,Help MocoQueen <help@mocoqueen.com>,"Dear Katrina,  Thank you so much for your prompt reply and for letting us know. üíõ  We‚Äôre truly sorry to hear that the lenses caused irritation to your",General Inquiry,Thank you for reaching out. We will review your message and respond shortly.
082,Help MocoQueen <help@mocoqueen.com>,"Dear Amelia,  Thank you for your kind wordsü´∂üèªü´∂üèªüíóüíó  If you are satisfied with our customer service, I would appreciate it if you could take a moment to",General Inquiry,Thank you for reaching out. We will review your message and respond shortly.
083,Help MocoQueen <help@mocoqueen.com>,"Dear Nina,  Thank you so much for your decision to retain your order with us. We greatly appreciate your understanding and continued support!  As a to",Return Request,"Hello, please return the unopened package to the following address via USPS First Class: Name: MocoQueen, Address: 20855 Ventura Blvd Ste 10AC, City: Woodland Hills, CA, Zip: 91364-0830, Country: USA. Please send us the tracking number once shipped. Refund will be processed after we receive and inspect the package. Original shipping cost is non-refundable, and return shipping is the customer's responsibility. More info: https://mocoqueen.com/pages/return-exchange-and-cancellation"
084,Help MocoQueen <help@mocoqueen.com>,"Dear Milo,  Thank you for your email.  The delivery speed will depend on the shipping ways you choose. If you opt for UPS, the delivery usually takes",General Inquiry,Thank you for reaching out. We will review your message and respond shortly.
085,Help MocoQueen <help@mocoqueen.com>,"Dear Avalon,  Thank you so much for reaching out, and we're truly sorry for any confusion or inconvenience this may have caused.  From the photo you p",General Inquiry,Thank you for reaching out. We will review your message and respond shortly.
086,Help MocoQueen <help@mocoqueen.com>,"Dear Brian,  Thank you for reaching out to us! üòä  We‚Äôve checked the tracking information for your order (#133697) with the tracking number *9400150206",General Inquiry,Thank you for reaching out. We will review your message and respond shortly.
087,Help MocoQueen <help@mocoqueen.com>,"Dear Anna,  Thank you for your prompt response! We have successfully added the lenses you selected to your order. [image: image.png]  We will process",General Inquiry,Thank you for reaching out. We will review your message and respond shortly.
088,Help MocoQueen <help@mocoqueen.com>,"Dear Caitlyn,  For the return process please see our return refund policy: https://mocoqueen.com/pages/return-exchange-and-cancellation  Return Fee ¬∑O",Return Request,"Hello, please return the unopened package to the following address via USPS First Class: Name: MocoQueen, Address: 20855 Ventura Blvd Ste 10AC, City: Woodland Hills, CA, Zip: 91364-0830, Country: USA. Please send us the tracking number once shipped. Refund will be processed after we receive and inspect the package. Original shipping cost is non-refundable, and return shipping is the customer's responsibility. More info: https://mocoqueen.com/pages/return-exchange-and-cancellation"
089,Help MocoQueen <help@mocoqueen.com>,"Dear Ari, Thank you for ordering our products.We have checked your *order number 134615 *and found that the shipment has been returned to our warehous",Return Request,"Hello, please return the unopened package to the following address via USPS First Class: Name: MocoQueen, Address: 20855 Ventura Blvd Ste 10AC, City: Woodland Hills, CA, Zip: 91364-0830, Country: USA. Please send us the tracking number once shipped. Refund will be processed after we receive and inspect the package. Original shipping cost is non-refundable, and return shipping is the customer's responsibility. More info: https://mocoqueen.com/pages/return-exchange-and-cancellation"
090,Help MocoQueen <help@mocoqueen.com>,"Dear Wendy,  We have updated the delivery address to the correct one as per your request. Please check the updated address to ensure everything is acc",General Inquiry,Thank you for reaching out. We will review your message and respond shortly.
091,Help MocoQueen <help@mocoqueen.com>,"Dear Abenaa,  Thank you so much for placing your first order with us and for submitting your prescription! üòä We're excited to have you as a new custom",General Inquiry,Thank you for reaching out. We will review your message and respond shortly.
092,Help MocoQueen <help@mocoqueen.com>,"Dear Caley,  We have processed a refund for your order. The refund will be credited back to the original payment method used for your purchase.  Typic",Cancellation,Your order has been canceled as requested. A refund will be issued within 3-5 business days.
093,Help MocoQueen <help@mocoqueen.com>,"Dear Justin,  We have updated the delivery address to the correct one as per your request. Please check the updated address to ensure everything is ac",General Inquiry,Thank you for reaching out. We will review your message and respond shortly.
094,Help MocoQueen <help@mocoqueen.com>,"Dear Santiago,  Absolutely!! üòä You can find us on Instagram at @moco_queen ‚Äî we‚Äôd absolutely love to see your cosplay photos! Feel free to tag us when",General Inquiry,Thank you for reaching out. We will review your message and respond shortly.
095,Help MocoQueen <help@mocoqueen.com>,"Dear Caitlyn,  For the return process please see our return refund policy: https://mocoqueen.com/pages/return-exchange-and-cancellation  Return Fee ¬∑O",Return Request,"Hello, please return the unopened package to the following address via USPS First Class: Name: MocoQueen, Address: 20855 Ventura Blvd Ste 10AC, City: Woodland Hills, CA, Zip: 91364-0830, Country: USA. Please send us the tracking number once shipped. Refund will be processed after we receive and inspect the package. Original shipping cost is non-refundable, and return shipping is the customer's responsibility. More info: https://mocoqueen.com/pages/return-exchange-and-cancellation"
096,Help MocoQueen <help@mocoqueen.com>,"Dear Eric,  Thank you so much for getting back to us and sharing the new photos‚Äîwe truly appreciate your effort and your patience throughout this proc",General Inquiry,Thank you for reaching out. We will review your message and respond shortly.
097,Help MocoQueen <help@mocoqueen.com>,"Dear Charles,  Thank you so much for reaching out to us, and I‚Äôm truly sorry to hear that the Gojo lenses you received are not the UV glowing version",General Inquiry,Thank you for reaching out. We will review your message and respond shortly.
098,Help MocoQueen <help@mocoqueen.com>,"Dear Rebecca,  Thank you for your prompt response! We have successfully added the lenses you selected to your order. [image: image.png]  We will proce",Shipping Delay,We apologize for the delay. Your package is in transit and we are monitoring it closely. Thank you for your patience.
099,Help MocoQueen <help@mocoqueen.com>,"Dear Katie,  Thank you so much for your decision to retain your order with us. We greatly appreciate your understanding and continued support!  As a t",Cancellation,Your order has been canceled as requested. A refund will be issued within 3-5 business days.
100,Help MocoQueen <help@mocoqueen.com>,"Dear Lea,  Thank you so much for your kind message, and we truly appreciate you taking the time to follow up with us.  We‚Äôve taken another look into o",Return Request,"Hello, please return the unopened package to the following address via USPS First Class: Name: MocoQueen, Address: 20855 Ventura Blvd Ste 10AC, City: Woodland Hills, CA, Zip: 91364-0830, Country: USA. Please send us the tracking number once shipped. Refund will be processed after we receive and inspect the package. Original shipping cost is non-refundable, and return shipping is the customer's responsibility. More info: https://mocoqueen.com/pages/return-exchange-and-cancellation"
101,Help MocoQueen <help@mocoqueen.com>,"Dear Ramiyah,  Thank you so much for reaching out to us! We completely understand your concern, and we‚Äôre happy to confirm that we‚Äôve received your or",Shipping Delay,We apologize for the delay. Your package is in transit and we are monitoring it closely. Thank you for your patience.
102,Help MocoQueen <help@mocoqueen.com>,"Dear Isaac,  We have updated the delivery address to the correct one as per your request. Please check the updated address to ensure everything is acc",General Inquiry,Thank you for reaching out. We will review your message and respond shortly.
103,Help MocoQueen <help@mocoqueen.com>,"Dear Malayia,  Thank you for reaching out to us!  We did send the receipt to the email address you provided, but sometimes these emails can accidental",General Inquiry,Thank you for reaching out. We will review your message and respond shortly.
104,Help MocoQueen <help@mocoqueen.com>,"Dear Mrs,  We have updated the delivery address to the correct one as per your request. Please check the updated address to ensure everything is accur",General Inquiry,Thank you for reaching out. We will review your message and respond shortly.
105,Help MocoQueen <help@mocoqueen.com>,"Dear Avery,  We have processed a refund for your order. The refund will be credited back to the original payment method used for your purchase.  Typic",Cancellation,Your order has been canceled as requested. A refund will be issued within 3-5 business days.
106,Help MocoQueen <help@mocoqueen.com>,"Dear Erika,  We have processed a refund for your order. The refund will be credited back to the original payment method used for your purchase.  Typic",Cancellation,Your order has been canceled as requested. A refund will be issued within 3-5 business days.
107,Help MocoQueen <help@mocoqueen.com>,"Dear Mariah,  We have updated the delivery address to the correct one as per your request. Please check the updated address to ensure everything is ac",Cancellation,Your order has been canceled as requested. A refund will be issued within 3-5 business days.
108,Help MocoQueen <help@mocoqueen.com>,"Hi Jon,  Thank you so much for reaching out, and I‚Äôm really sorry to hear about the discomfort you experienced. üòî I‚Äôm glad to hear you followed the re",Shipping Delay,We apologize for the delay. Your package is in transit and we are monitoring it closely. Thank you for your patience.
109,Help MocoQueen <help@mocoqueen.com>,"Dear Angelina,  Thank you for bringing this matter to our attention, and we sincerely apologize for the inconvenience caused by the issue you have exp",Shipping Delay,We apologize for the delay. Your package is in transit and we are monitoring it closely. Thank you for your patience.
110,Help MocoQueen <help@mocoqueen.com>,"Dear Jennifer,  Thank you so much for your quick reply and for confirming the details! üòä  We have successfully created your replacement order, and the",General Inquiry,Thank you for reaching out. We will review your message and respond shortly.
111,Help MocoQueen <help@mocoqueen.com>,"Dear Rhiannon,  I hope you're having a lovely day! üíõ I'm just following up on the email we sent earlier regarding your recent order with us.  As menti",General Inquiry,Thank you for reaching out. We will review your message and respond shortly.
112,Help MocoQueen <help@mocoqueen.com>,"Dear Rita,  I hope you‚Äôre doing well! üíñ  I just wanted to kindly follow up regarding the previous message we sent about your order. As mentioned, the",General Inquiry,Thank you for reaching out. We will review your message and respond shortly.
113,Help MocoQueen <help@mocoqueen.com>,"Dear Matthew,  To remove a review from Trustpilot, please follow these steps:     1.     *Log In to Trustpilot*: Visit trustpilot.com and log in to yo",General Inquiry,Thank you for reaching out. We will review your message and respond shortly.
114,Help MocoQueen <help@mocoqueen.com>,"Dear Anthony,  Thank you so much for your kind cooperation and for removing the review ‚Äî we truly appreciate your understanding and support! üíõ      -",Shipping Delay,We apologize for the delay. Your package is in transit and we are monitoring it closely. Thank you for your patience.
115,Help MocoQueen <help@mocoqueen.com>,"Dear Amelia,  I hope you‚Äôre doing well! üòä  I just wanted to kindly follow up regarding the message we sent earlier. We truly value your feedback and w",Shipping Delay,We apologize for the delay. Your package is in transit and we are monitoring it closely. Thank you for your patience.
116,Help MocoQueen <help@mocoqueen.com>,"Dear Idae,  I hope you‚Äôre doing well! üòä  I just wanted to kindly follow up regarding the message we sent earlier. We truly value your feedback and wan",General Inquiry,Thank you for reaching out. We will review your message and respond shortly.
117,Help MocoQueen <help@mocoqueen.com>,"Dear Peter,  Thank you for your kind wordsü´∂üèªüíóüíó  If you are satisfied with our customer service, I would appreciate it if you could take a moment to cl",Return Request,"Hello, please return the unopened package to the following address via USPS First Class: Name: MocoQueen, Address: 20855 Ventura Blvd Ste 10AC, City: Woodland Hills, CA, Zip: 91364-0830, Country: USA. Please send us the tracking number once shipped. Refund will be processed after we receive and inspect the package. Original shipping cost is non-refundable, and return shipping is the customer's responsibility. More info: https://mocoqueen.com/pages/return-exchange-and-cancellation"
118,Help MocoQueen <help@mocoqueen.com>,"Dear Danny,  Thank you so much for your prompt response and for removing the review! üòä  As promised, here is your coupon code: *131506-Gift*. You can",General Inquiry,Thank you for reaching out. We will review your message and respond shortly.
119,Help MocoQueen <help@mocoqueen.com>,"Dear Jonathan,  I hope you‚Äôre doing well! üòä  I just wanted to kindly follow up regarding the message we sent earlier. We truly value your feedback and",General Inquiry,Thank you for reaching out. We will review your message and respond shortly.
120,Help MocoQueen <help@mocoqueen.com>,"Dear Steven,  Thank you so much for your kind reply! üòä We truly appreciate your confirmation.  We've now notified our warehouse team to begin preparin",General Inquiry,Thank you for reaching out. We will review your message and respond shortly.
121,Help MocoQueen <help@mocoqueen.com>,"Dear Peter,  Thank you so much for your quick response and for confirming your choice üòä  We truly appreciate your understanding, and we‚Äôll go ahead an",Cancellation,Your order has been canceled as requested. A refund will be issued within 3-5 business days.
122,Help MocoQueen <help@mocoqueen.com>,"Hi Sidney,  Thank you for your message!  The lenses have been successfully updated to *Anime Golden Pasture Yellow Costume Contacts (Rx)* as requested",General Inquiry,Thank you for reaching out. We will review your message and respond shortly.
123,Help MocoQueen <help@mocoqueen.com>,"Dear Larkin,  Thank you for your prompt response! We have successfully added the lenses you selected to your order. [image: image.png]  We will proces",General Inquiry,Thank you for reaching out. We will review your message and respond shortly.
124,Help MocoQueen <help@mocoqueen.com>,"Dear Kelly,  On behalf of our team, I extend our sincerest gratitude to you! Thank you for taking the time to participate in our survey and for expres",General Inquiry,Thank you for reaching out. We will review your message and respond shortly.
125,Help MocoQueen <help@mocoqueen.com>,"Dear Levi,  Thank you again for your quick replies and such a lovely attitude ‚Äî it truly means a lot to us! üíñ  If you need anything else or have more",General Inquiry,Thank you for reaching out. We will review your message and respond shortly.
126,Help MocoQueen <help@mocoqueen.com>,"Dear Josephine,  Thank you so much for getting back to us so quickly! üòä  We‚Äôve received your selection for the Magic Pop Orange lenses in -4.0 prescri",General Inquiry,Thank you for reaching out. We will review your message and respond shortly.
127,Help MocoQueen <help@mocoqueen.com>,"Dear Adunola,  Thank you so much for your reply, and I completely understand your preference for a refund. üíñ  After reviewing your order details, I‚Äôd",Cancellation,Your order has been canceled as requested. A refund will be issued within 3-5 business days.
128,Help MocoQueen <help@mocoqueen.com>,"Dear Kelly,  Thank you so much for your confirmation! üíõ  We‚Äôve gone ahead and notified our warehouse to proceed with your order and arrange shipment a",Cancellation,Your order has been canceled as requested. A refund will be issued within 3-5 business days.
129,Help MocoQueen <help@mocoqueen.com>,"Dear Aaron,  Thank you for confirming the updated address! We‚Äôre glad everything is in order now.  Please rest assured that your order will be process",General Inquiry,Thank you for reaching out. We will review your message and respond shortly.
130,Help MocoQueen <help@mocoqueen.com>,"Dear YYellowCCock,  Thank you for reaching out to us! üòä  I completely understand your concern about the delivery time. Once an order has been shipped,",Shipping Delay,We apologize for the delay. Your package is in transit and we are monitoring it closely. Thank you for your patience.
131,Help MocoQueen <help@mocoqueen.com>,"Dear Cynthia,  Thank you so much for reaching out to us! üíõ  We‚Äôre happy to let you know that your order (#136155) has already been shipped, and here i",Shipping Delay,We apologize for the delay. Your package is in transit and we are monitoring it closely. Thank you for your patience.
132,Help MocoQueen <help@mocoqueen.com>,"Dear Cynthia,  Thank you so much for reaching out to us! üíõ  We‚Äôre happy to let you know that your order (#136155) has already been shipped, and here i",Shipping Delay,We apologize for the delay. Your package is in transit and we are monitoring it closely. Thank you for your patience.
133,Help MocoQueen <help@mocoqueen.com>,"Dear Chelsea,  Thank you for sharing your thoughts with us. I completely understand your frustration regarding the shipping delay, and I sincerely apo",Shipping Delay,We apologize for the delay. Your package is in transit and we are monitoring it closely. Thank you for your patience.
134,Help MocoQueen <help@mocoqueen.com>,"Dear Dylan,  For the return process please see our return refund policy: https://mocoqueen.com/pages/return-exchange-and-cancellation  Return Fee ¬∑Ori",Return Request,"Hello, please return the unopened package to the following address via USPS First Class: Name: MocoQueen, Address: 20855 Ventura Blvd Ste 10AC, City: Woodland Hills, CA, Zip: 91364-0830, Country: USA. Please send us the tracking number once shipped. Refund will be processed after we receive and inspect the package. Original shipping cost is non-refundable, and return shipping is the customer's responsibility. More info: https://mocoqueen.com/pages/return-exchange-and-cancellation"
135,Help MocoQueen <help@mocoqueen.com>,"Dear Dylan,  For the return process please see our return refund policy: https://mocoqueen.com/pages/return-exchange-and-cancellation  Return Fee ¬∑Ori",Return Request,"Hello, please return the unopened package to the following address via USPS First Class: Name: MocoQueen, Address: 20855 Ventura Blvd Ste 10AC, City: Woodland Hills, CA, Zip: 91364-0830, Country: USA. Please send us the tracking number once shipped. Refund will be processed after we receive and inspect the package. Original shipping cost is non-refundable, and return shipping is the customer's responsibility. More info: https://mocoqueen.com/pages/return-exchange-and-cancellation"
136,Help MocoQueen <help@mocoqueen.com>,"Dear Lavera,  Thank you so much for your kind confirmation! üòä We‚Äôre truly grateful for your understanding and for giving us the opportunity to make th",Return Request,"Hello, please return the unopened package to the following address via USPS First Class: Name: MocoQueen, Address: 20855 Ventura Blvd Ste 10AC, City: Woodland Hills, CA, Zip: 91364-0830, Country: USA. Please send us the tracking number once shipped. Refund will be processed after we receive and inspect the package. Original shipping cost is non-refundable, and return shipping is the customer's responsibility. More info: https://mocoqueen.com/pages/return-exchange-and-cancellation"
137,Help MocoQueen <help@mocoqueen.com>,"Dear Sabrina,  You're very welcome! üòä And no worries at all ‚Äî mistakes like that happen to the best of us. Thank you for letting us know!  We‚Äôve noted",Shipping Delay,We apologize for the delay. Your package is in transit and we are monitoring it closely. Thank you for your patience.
138,Help MocoQueen <help@mocoqueen.com>,"Dear Isabelle,  Thank you for reaching out! üòä  We wanted to let you know that your order *#134406* was shipped on *May 13th*. You can track your packa",General Inquiry,Thank you for reaching out. We will review your message and respond shortly.
139,Help MocoQueen <help@mocoqueen.com>,"Dear Chelsea,  Thank you for reaching out regarding your order. I apologize for the inconvenience caused by the delay in your shipment.  We have revie",Shipping Delay,We apologize for the delay. Your package is in transit and we are monitoring it closely. Thank you for your patience.
140,Help MocoQueen <help@mocoqueen.com>,"Dear ‚Ä¢Royale,  Thank you so much for your reply, and we truly appreciate your patience throughout this process. üíõ  We‚Äôve checked your tracking informa",Return Request,"Hello, please return the unopened package to the following address via USPS First Class: Name: MocoQueen, Address: 20855 Ventura Blvd Ste 10AC, City: Woodland Hills, CA, Zip: 91364-0830, Country: USA. Please send us the tracking number once shipped. Refund will be processed after we receive and inspect the package. Original shipping cost is non-refundable, and return shipping is the customer's responsibility. More info: https://mocoqueen.com/pages/return-exchange-and-cancellation"
141,Help MocoQueen <help@mocoqueen.com>,"Dear Rafael,  Thank you for reaching out regarding your order. I apologize for the inconvenience caused by the delay in your shipment.  We have review",Shipping Delay,We apologize for the delay. Your package is in transit and we are monitoring it closely. Thank you for your patience.
142,Help MocoQueen <help@mocoqueen.com>,"Dear Marilyn, Thank you for ordering our products.We have checked your *order number 135601 *and found that the shipment has been returned to our ware",Return Request,"Hello, please return the unopened package to the following address via USPS First Class: Name: MocoQueen, Address: 20855 Ventura Blvd Ste 10AC, City: Woodland Hills, CA, Zip: 91364-0830, Country: USA. Please send us the tracking number once shipped. Refund will be processed after we receive and inspect the package. Original shipping cost is non-refundable, and return shipping is the customer's responsibility. More info: https://mocoqueen.com/pages/return-exchange-and-cancellation"
143,Help MocoQueen <help@mocoqueen.com>,"Dear Riahna,  Thank you so much for your reply and for providing the additional information. üíõ  We‚Äôve carefully searched again using both the email ad",Shipping Delay,We apologize for the delay. Your package is in transit and we are monitoring it closely. Thank you for your patience.
144,Help MocoQueen <help@mocoqueen.com>,"Dear Nicholas,  We have processed a refund for your order. The refund will be credited back to the original payment method used for your purchase.  Ty",Cancellation,Your order has been canceled as requested. A refund will be issued within 3-5 business days.
145,Help MocoQueen <help@mocoqueen.com>,"Dear Nicola,  We have updated the delivery address to the correct one as per your request. Please check the updated address to ensure everything is ac",Cancellation,Your order has been canceled as requested. A refund will be issued within 3-5 business days.
146,Help MocoQueen <help@mocoqueen.com>,"Dear David,  We have processed a refund for your order. The refund will be credited back to the original payment method used for your purchase.  Typic",Cancellation,Your order has been canceled as requested. A refund will be issued within 3-5 business days.
147,Help MocoQueen <help@mocoqueen.com>,"Dear Millie,  We apologize for the inconvenience you're experiencing with one of our contact lenses. We're here to help resolve the issue.  To address",General Inquiry,Thank you for reaching out. We will review your message and respond shortly.
148,Help MocoQueen <help@mocoqueen.com>,"Dear Micaiah,  Thank you for reaching out to us.Your inquiry has been addressed in the email we sent previously.  Please check your inbox for our resp",General Inquiry,Thank you for reaching out. We will review your message and respond shortly.
149,Help MocoQueen <help@mocoqueen.com>,"Dear Micaiah,  Thank you so much for your kind response! üòä We really appreciate your understanding.  It seems there might have been a bit of a misunde",Cancellation,Your order has been canceled as requested. A refund will be issued within 3-5 business days.
150,Help MocoQueen <help@mocoqueen.com>,"Dear Micaiah,  Thank you so much for your prompt response! üòä  We completely understand your preference for a refund. Regarding the returned package, w",Return Request,"Hello, please return the unopened package to the following address via USPS First Class: Name: MocoQueen, Address: 20855 Ventura Blvd Ste 10AC, City: Woodland Hills, CA, Zip: 91364-0830, Country: USA. Please send us the tracking number once shipped. Refund will be processed after we receive and inspect the package. Original shipping cost is non-refundable, and return shipping is the customer's responsibility. More info: https://mocoqueen.com/pages/return-exchange-and-cancellation"
151,Help MocoQueen <help@mocoqueen.com>,"Dear Micaiah, Thank you for ordering our products.We have checked your *order number * *132089*  and found that the shipment has been returned to our",Return Request,"Hello, please return the unopened package to the following address via USPS First Class: Name: MocoQueen, Address: 20855 Ventura Blvd Ste 10AC, City: Woodland Hills, CA, Zip: 91364-0830, Country: USA. Please send us the tracking number once shipped. Refund will be processed after we receive and inspect the package. Original shipping cost is non-refundable, and return shipping is the customer's responsibility. More info: https://mocoqueen.com/pages/return-exchange-and-cancellation"
152,Help MocoQueen <help@mocoqueen.com>,"Dear Damien,  Thank you for bringing the issue with your order to our attention. We appreciate your email.  Have you opened the lens box packaging? If",Return Request,"Hello, please return the unopened package to the following address via USPS First Class: Name: MocoQueen, Address: 20855 Ventura Blvd Ste 10AC, City: Woodland Hills, CA, Zip: 91364-0830, Country: USA. Please send us the tracking number once shipped. Refund will be processed after we receive and inspect the package. Original shipping cost is non-refundable, and return shipping is the customer's responsibility. More info: https://mocoqueen.com/pages/return-exchange-and-cancellation"
153,Help MocoQueen <help@mocoqueen.com>,"Dear Amaris, Thank you for ordering our products.We have checked your *order number 134215 *and found that the shipment has been returned to our wareh",Return Request,"Hello, please return the unopened package to the following address via USPS First Class: Name: MocoQueen, Address: 20855 Ventura Blvd Ste 10AC, City: Woodland Hills, CA, Zip: 91364-0830, Country: USA. Please send us the tracking number once shipped. Refund will be processed after we receive and inspect the package. Original shipping cost is non-refundable, and return shipping is the customer's responsibility. More info: https://mocoqueen.com/pages/return-exchange-and-cancellation"
154,Help MocoQueen <help@mocoqueen.com>,"Dear Ryder,  We have processed a refund for your order. The refund will be credited back to the original payment method used for your purchase.  Typic",Return Request,"Hello, please return the unopened package to the following address via USPS First Class: Name: MocoQueen, Address: 20855 Ventura Blvd Ste 10AC, City: Woodland Hills, CA, Zip: 91364-0830, Country: USA. Please send us the tracking number once shipped. Refund will be processed after we receive and inspect the package. Original shipping cost is non-refundable, and return shipping is the customer's responsibility. More info: https://mocoqueen.com/pages/return-exchange-and-cancellation"
155,Help MocoQueen <help@mocoqueen.com>,"Dear Ryder,  We have processed a refund for your order. The refund will be credited back to the original payment method used for your purchase.  Typic",Return Request,"Hello, please return the unopened package to the following address via USPS First Class: Name: MocoQueen, Address: 20855 Ventura Blvd Ste 10AC, City: Woodland Hills, CA, Zip: 91364-0830, Country: USA. Please send us the tracking number once shipped. Refund will be processed after we receive and inspect the package. Original shipping cost is non-refundable, and return shipping is the customer's responsibility. More info: https://mocoqueen.com/pages/return-exchange-and-cancellation"
156,Help MocoQueen <help@mocoqueen.com>,"Dear Tristin,  We have processed a refund for your order. The refund will be credited back to the original payment method used for your purchase.  Typ",Return Request,"Hello, please return the unopened package to the following address via USPS First Class: Name: MocoQueen, Address: 20855 Ventura Blvd Ste 10AC, City: Woodland Hills, CA, Zip: 91364-0830, Country: USA. Please send us the tracking number once shipped. Refund will be processed after we receive and inspect the package. Original shipping cost is non-refundable, and return shipping is the customer's responsibility. More info: https://mocoqueen.com/pages/return-exchange-and-cancellation"
157,Help MocoQueen <help@mocoqueen.com>,"Dear Chance,  Thank you for bringing this matter to our attention, and we sincerely apologize for the inconvenience caused by the issue you have exper",Return Request,"Hello, please return the unopened package to the following address via USPS First Class: Name: MocoQueen, Address: 20855 Ventura Blvd Ste 10AC, City: Woodland Hills, CA, Zip: 91364-0830, Country: USA. Please send us the tracking number once shipped. Refund will be processed after we receive and inspect the package. Original shipping cost is non-refundable, and return shipping is the customer's responsibility. More info: https://mocoqueen.com/pages/return-exchange-and-cancellation"
158,Help MocoQueen <help@mocoqueen.com>,"Dear Carlos,  Thank you so much for your message! üòä  The coupon code *133617-Return* will be valid for *3 months* from the date it was issued, so you‚Äô",Return Request,"Hello, please return the unopened package to the following address via USPS First Class: Name: MocoQueen, Address: 20855 Ventura Blvd Ste 10AC, City: Woodland Hills, CA, Zip: 91364-0830, Country: USA. Please send us the tracking number once shipped. Refund will be processed after we receive and inspect the package. Original shipping cost is non-refundable, and return shipping is the customer's responsibility. More info: https://mocoqueen.com/pages/return-exchange-and-cancellation"
159,Help MocoQueen <help@mocoqueen.com>,"Hello Jade,  Thank you for reaching out to us. We understand that the 22mm sclera lens may be a bit challenging to wear due to its larger diameter and",Return Request,"Hello, please return the unopened package to the following address via USPS First Class: Name: MocoQueen, Address: 20855 Ventura Blvd Ste 10AC, City: Woodland Hills, CA, Zip: 91364-0830, Country: USA. Please send us the tracking number once shipped. Refund will be processed after we receive and inspect the package. Original shipping cost is non-refundable, and return shipping is the customer's responsibility. More info: https://mocoqueen.com/pages/return-exchange-and-cancellation"
160,Help MocoQueen <help@mocoqueen.com>,"Dear Brittany,  Thank you so much for the update! üòä We're glad to hear you've decided to keep the lenses ‚Äî we hope they‚Äôll still come in handy for a f",Return Request,"Hello, please return the unopened package to the following address via USPS First Class: Name: MocoQueen, Address: 20855 Ventura Blvd Ste 10AC, City: Woodland Hills, CA, Zip: 91364-0830, Country: USA. Please send us the tracking number once shipped. Refund will be processed after we receive and inspect the package. Original shipping cost is non-refundable, and return shipping is the customer's responsibility. More info: https://mocoqueen.com/pages/return-exchange-and-cancellation"
161,Help MocoQueen <help@mocoqueen.com>,"Dear Samantha,  For the return process please see our return refund policy: https://mocoqueen.com/pages/return-exchange-and-cancellation  Return Fee ¬∑",Return Request,"Hello, please return the unopened package to the following address via USPS First Class: Name: MocoQueen, Address: 20855 Ventura Blvd Ste 10AC, City: Woodland Hills, CA, Zip: 91364-0830, Country: USA. Please send us the tracking number once shipped. Refund will be processed after we receive and inspect the package. Original shipping cost is non-refundable, and return shipping is the customer's responsibility. More info: https://mocoqueen.com/pages/return-exchange-and-cancellation"
162,Help MocoQueen <help@mocoqueen.com>,"Dear Mimi,  Thank you for bringing this matter to our attention, and we sincerely apologize for the inconvenience caused by the issue you have experie",Return Request,"Hello, please return the unopened package to the following address via USPS First Class: Name: MocoQueen, Address: 20855 Ventura Blvd Ste 10AC, City: Woodland Hills, CA, Zip: 91364-0830, Country: USA. Please send us the tracking number once shipped. Refund will be processed after we receive and inspect the package. Original shipping cost is non-refundable, and return shipping is the customer's responsibility. More info: https://mocoqueen.com/pages/return-exchange-and-cancellation"
163,Help MocoQueen <help@mocoqueen.com>,"Dear Salinna,  Thank you very much for your email and letting us know about your problem. Regarding the items you wish to return, we fully understand",Return Request,"Hello, please return the unopened package to the following address via USPS First Class: Name: MocoQueen, Address: 20855 Ventura Blvd Ste 10AC, City: Woodland Hills, CA, Zip: 91364-0830, Country: USA. Please send us the tracking number once shipped. Refund will be processed after we receive and inspect the package. Original shipping cost is non-refundable, and return shipping is the customer's responsibility. More info: https://mocoqueen.com/pages/return-exchange-and-cancellation"
164,Help MocoQueen <help@mocoqueen.com>,"Dear Ellie,  Thank you so much for your decision to retain your order with us. We greatly appreciate your understanding and continued support!  As a t",Cancellation,Your order has been canceled as requested. A refund will be issued within 3-5 business days.
165,Help MocoQueen <help@mocoqueen.com>,"Dear Rita,  Thank you so much for reaching out to us and sharing your prescription! üòä  After carefully reviewing your attached prescription, we notice",General Inquiry,Thank you for reaching out. We will review your message and respond shortly.
166,Help MocoQueen <help@mocoqueen.com>,"Dear Ruben,  We have updated the delivery address to the correct one as per your request. Please check the updated address to ensure everything is acc",General Inquiry,Thank you for reaching out. We will review your message and respond shortly.
167,Help MocoQueen <help@mocoqueen.com>,"Dear Sydni,  We have processed a refund for your order. The refund will be credited back to the original payment method used for your purchase.  Typic",Cancellation,Your order has been canceled as requested. A refund will be issued within 3-5 business days.
168,Help MocoQueen <help@mocoqueen.com>,"Dear Allen,  Thank you very much for your update! üíõ We truly appreciate you taking the time to send the item back and for letting us know.  Just to cl",Return Request,"Hello, please return the unopened package to the following address via USPS First Class: Name: MocoQueen, Address: 20855 Ventura Blvd Ste 10AC, City: Woodland Hills, CA, Zip: 91364-0830, Country: USA. Please send us the tracking number once shipped. Refund will be processed after we receive and inspect the package. Original shipping cost is non-refundable, and return shipping is the customer's responsibility. More info: https://mocoqueen.com/pages/return-exchange-and-cancellation"
169,Help MocoQueen <help@mocoqueen.com>,"Dear Chrystyne,  Thank you so much for your decision to retain your order with us. We greatly appreciate your understanding and continued support!  As",Return Request,"Hello, please return the unopened package to the following address via USPS First Class: Name: MocoQueen, Address: 20855 Ventura Blvd Ste 10AC, City: Woodland Hills, CA, Zip: 91364-0830, Country: USA. Please send us the tracking number once shipped. Refund will be processed after we receive and inspect the package. Original shipping cost is non-refundable, and return shipping is the customer's responsibility. More info: https://mocoqueen.com/pages/return-exchange-and-cancellation"
170,Help MocoQueen <help@mocoqueen.com>,"Dear Melissa,  Thank you for your understandingü´∂üèªüíó  If you are satisfied with our customer service, I would appreciate it if you could take a moment t",General Inquiry,Thank you for reaching out. We will review your message and respond shortly.
171,Help MocoQueen <help@mocoqueen.com>,"Dear Candace,  Thank you for bringing this matter to our attention, and we sincerely apologize for the inconvenience caused by the issue you have expe",General Inquiry,Thank you for reaching out. We will review your message and respond shortly.
172,Help MocoQueen <help@mocoqueen.com>,"Dear Isabela,  Thank you so much for reaching out to us! üòä I completely understand how important it is to have your contacts in time for your upcoming",General Inquiry,Thank you for reaching out. We will review your message and respond shortly.
173,Help MocoQueen <help@mocoqueen.com>,"Dear Nee,  We have processed a refund for your order. The refund will be credited back to the original payment method used for your purchase.  Typical",Cancellation,Your order has been canceled as requested. A refund will be issued within 3-5 business days.
174,Help MocoQueen <help@mocoqueen.com>,"Dear Chelsea,  Thank you for sharing your feedback with us. I truly understand your disappointment regarding the delay, and I am sincerely sorry for t",Shipping Delay,We apologize for the delay. Your package is in transit and we are monitoring it closely. Thank you for your patience.
175,Help MocoQueen <help@mocoqueen.com>,"Dear Fred,  Thank you for reaching out to us! üòä  I understand your concern, and I‚Äôd like to reassure you that the ""Awaiting Fulfillment"" status is com",General Inquiry,Thank you for reaching out. We will review your message and respond shortly.
176,Help MocoQueen <help@mocoqueen.com>,"Dear Dajia,  Good morning, and thank you so much for reaching out. I‚Äôm truly sorry to hear about the delay with your order, and I completely understan",Shipping Delay,We apologize for the delay. Your package is in transit and we are monitoring it closely. Thank you for your patience.
177,Help MocoQueen <help@mocoqueen.com>,"Dear Aleia,  Thank you for bringing this matter to our attention, and we sincerely apologize for the inconvenience caused by the issue you have experi",General Inquiry,Thank you for reaching out. We will review your message and respond shortly.
178,Help MocoQueen <help@mocoqueen.com>,"Dear Michael,  I sincerely apologize for the mistake earlier ‚Äî it looks like we accidentally sent you the wrong attachment. üòî  Please find the correct",General Inquiry,Thank you for reaching out. We will review your message and respond shortly.
179,Help MocoQueen <help@mocoqueen.com>,"Dear Leah,  Thank you for reaching out to us, and I'm truly sorry to hear that you haven‚Äôt received your package even though the tracking shows it was",General Inquiry,Thank you for reaching out. We will review your message and respond shortly.
180,Help MocoQueen <help@mocoqueen.com>,"Dear Sarah,  Thank you so much for getting back to us, and we truly appreciate your patience and understanding throughout this process.  We completely",Return Request,"Hello, please return the unopened package to the following address via USPS First Class: Name: MocoQueen, Address: 20855 Ventura Blvd Ste 10AC, City: Woodland Hills, CA, Zip: 91364-0830, Country: USA. Please send us the tracking number once shipped. Refund will be processed after we receive and inspect the package. Original shipping cost is non-refundable, and return shipping is the customer's responsibility. More info: https://mocoqueen.com/pages/return-exchange-and-cancellation"
181,Help MocoQueen <help@mocoqueen.com>,"Dear Felix,  Thank you for your message and for providing the photos of the damaged lens. üôè  After reviewing the images you shared, it seems that the",Return Request,"Hello, please return the unopened package to the following address via USPS First Class: Name: MocoQueen, Address: 20855 Ventura Blvd Ste 10AC, City: Woodland Hills, CA, Zip: 91364-0830, Country: USA. Please send us the tracking number once shipped. Refund will be processed after we receive and inspect the package. Original shipping cost is non-refundable, and return shipping is the customer's responsibility. More info: https://mocoqueen.com/pages/return-exchange-and-cancellation"
182,Help MocoQueen <help@mocoqueen.com>,"Dear Spiff, Thank you for ordering our products.We have checked your *order number 133667 *and found that the shipment has been returned to our wareho",Return Request,"Hello, please return the unopened package to the following address via USPS First Class: Name: MocoQueen, Address: 20855 Ventura Blvd Ste 10AC, City: Woodland Hills, CA, Zip: 91364-0830, Country: USA. Please send us the tracking number once shipped. Refund will be processed after we receive and inspect the package. Original shipping cost is non-refundable, and return shipping is the customer's responsibility. More info: https://mocoqueen.com/pages/return-exchange-and-cancellation"
183,Help MocoQueen <help@mocoqueen.com>,"Dear Amberly,  Thank you so much for your decision to retain your order with us. We greatly appreciate your understanding and continued support!  As a",Return Request,"Hello, please return the unopened package to the following address via USPS First Class: Name: MocoQueen, Address: 20855 Ventura Blvd Ste 10AC, City: Woodland Hills, CA, Zip: 91364-0830, Country: USA. Please send us the tracking number once shipped. Refund will be processed after we receive and inspect the package. Original shipping cost is non-refundable, and return shipping is the customer's responsibility. More info: https://mocoqueen.com/pages/return-exchange-and-cancellation"
184,Help MocoQueen <help@mocoqueen.com>,"Dear Mashaya,  Thank you for reaching out regarding your order. I apologize for the inconvenience caused by the delay in your shipment.  We have revie",Shipping Delay,We apologize for the delay. Your package is in transit and we are monitoring it closely. Thank you for your patience.
185,Help MocoQueen <help@mocoqueen.com>,"Dear Malis,  Thank you for reaching out regarding your order. I apologize for the inconvenience caused by the delay in your shipment.  We have reviewe",Shipping Delay,We apologize for the delay. Your package is in transit and we are monitoring it closely. Thank you for your patience.
186,Help MocoQueen <help@mocoqueen.com>,"Dear Andrew,  We have processed a refund for your order. The refund will be credited back to the original payment method used for your purchase.  Typi",Return Request,"Hello, please return the unopened package to the following address via USPS First Class: Name: MocoQueen, Address: 20855 Ventura Blvd Ste 10AC, City: Woodland Hills, CA, Zip: 91364-0830, Country: USA. Please send us the tracking number once shipped. Refund will be processed after we receive and inspect the package. Original shipping cost is non-refundable, and return shipping is the customer's responsibility. More info: https://mocoqueen.com/pages/return-exchange-and-cancellation"
187,Help MocoQueen <help@mocoqueen.com>,"Dear Taylor,  No worries at all! üòä We totally understand, and we‚Äôre happy to help.  We have reactivated your discount code *123046-Return*, and it wil",Return Request,"Hello, please return the unopened package to the following address via USPS First Class: Name: MocoQueen, Address: 20855 Ventura Blvd Ste 10AC, City: Woodland Hills, CA, Zip: 91364-0830, Country: USA. Please send us the tracking number once shipped. Refund will be processed after we receive and inspect the package. Original shipping cost is non-refundable, and return shipping is the customer's responsibility. More info: https://mocoqueen.com/pages/return-exchange-and-cancellation"
188,Help MocoQueen <help@mocoqueen.com>,"Dear Shopping,  Thank you for reaching out, and we truly appreciate your patience! üòä  After checking your order, we noticed that you placed it on *May",General Inquiry,Thank you for reaching out. We will review your message and respond shortly.
189,Help MocoQueen <help@mocoqueen.com>,"Dear Jennifer,  Thank you for bringing this matter to our attention, and we sincerely apologize for the inconvenience caused by the issue you have exp",General Inquiry,Thank you for reaching out. We will review your message and respond shortly.
190,Help MocoQueen <help@mocoqueen.com>,"Dear Campbell,  Thank you so much for reaching out and for your support of our lenses! üòä We really appreciate your enthusiasm and your willingness to",General Inquiry,Thank you for reaching out. We will review your message and respond shortly.
191,Help MocoQueen <help@mocoqueen.com>,"Dear Jolene,  Thank you so much for getting back to us, and I truly appreciate your patience. I'm very sorry again for the delay in communication and",Return Request,"Hello, please return the unopened package to the following address via USPS First Class: Name: MocoQueen, Address: 20855 Ventura Blvd Ste 10AC, City: Woodland Hills, CA, Zip: 91364-0830, Country: USA. Please send us the tracking number once shipped. Refund will be processed after we receive and inspect the package. Original shipping cost is non-refundable, and return shipping is the customer's responsibility. More info: https://mocoqueen.com/pages/return-exchange-and-cancellation"
192,Help MocoQueen <help@mocoqueen.com>,"Dear Beth,  Thank you for reaching out regarding your order. I apologize for the inconvenience caused by the delay in your shipment.  We have reviewed",Shipping Delay,We apologize for the delay. Your package is in transit and we are monitoring it closely. Thank you for your patience.
193,Help MocoQueen <help@mocoqueen.com>,"Dear Chance,  I'm truly sorry to hear about your experience, and I completely understand how frustrating this must be for you ‚Äî especially with the de",Return Request,"Hello, please return the unopened package to the following address via USPS First Class: Name: MocoQueen, Address: 20855 Ventura Blvd Ste 10AC, City: Woodland Hills, CA, Zip: 91364-0830, Country: USA. Please send us the tracking number once shipped. Refund will be processed after we receive and inspect the package. Original shipping cost is non-refundable, and return shipping is the customer's responsibility. More info: https://mocoqueen.com/pages/return-exchange-and-cancellation"
194,Help MocoQueen <help@mocoqueen.com>,"Dear Paige,  Thank you so much for your message‚Äî we completely understand how important it is to receive your lenses in time for your convention! üòä  W",Shipping Delay,We apologize for the delay. Your package is in transit and we are monitoring it closely. Thank you for your patience.
195,Help MocoQueen <help@mocoqueen.com>,"Dear Njoki,  Thank you for reaching out to us. We apologize for the inconvenience caused .  To assist you further, could you please provide us with yo",Shipping Delay,We apologize for the delay. Your package is in transit and we are monitoring it closely. Thank you for your patience.
196,Help MocoQueen <help@mocoqueen.com>,"Dear Marilyn,  Thank you for ordering our products. We have checked your order number 136615 and found that the shipment has been returned to our ware",Return Request,"Hello, please return the unopened package to the following address via USPS First Class: Name: MocoQueen, Address: 20855 Ventura Blvd Ste 10AC, City: Woodland Hills, CA, Zip: 91364-0830, Country: USA. Please send us the tracking number once shipped. Refund will be processed after we receive and inspect the package. Original shipping cost is non-refundable, and return shipping is the customer's responsibility. More info: https://mocoqueen.com/pages/return-exchange-and-cancellation"
197,Help MocoQueen <help@mocoqueen.com>,"Dear Kyra,  Thank you for reaching out to us. We apologize for the inconvenience caused .  To assist you further, could you please provide us with you",Shipping Delay,We apologize for the delay. Your package is in transit and we are monitoring it closely. Thank you for your patience.
198,Help MocoQueen <help@mocoqueen.com>,"Dear Erynn,  Thank you for your patience, and we appreciate you reaching out!  After reviewing the shipping status, we can confirm that the tracking i",Shipping Delay,We apologize for the delay. Your package is in transit and we are monitoring it closely. Thank you for your patience.
199,Help MocoQueen <help@mocoqueen.com>,"Dear Sierra,  Thank you for your kind wordsü´∂üèªüíóüíó  If you are satisfied with our customer service, I would appreciate it if you could take a moment to c",General Inquiry,Thank you for reaching out. We will review your message and respond shortly.
200,Help MocoQueen <help@mocoqueen.com>,"Dear Sierra,  Thank you so much for your reply, and we truly appreciate your decision to proceed with the store credit ‚Äî we‚Äôre so glad we could find a",Return Request,"Hello, please return the unopened package to the following address via USPS First Class: Name: MocoQueen, Address: 20855 Ventura Blvd Ste 10AC, City: Woodland Hills, CA, Zip: 91364-0830, Country: USA. Please send us the tracking number once shipped. Refund will be processed after we receive and inspect the package. Original shipping cost is non-refundable, and return shipping is the customer's responsibility. More info: https://mocoqueen.com/pages/return-exchange-and-cancellation"
201,Mail Delivery Subsystem <mailer-daemon@googlemail.com>,"** Recipient inbox full **  Your message couldn't be delivered to chelsleigh_ann@icloud.com. Their inbox is full, or it's getting too much mail right",General Inquiry,Thank you for reaching out. We will review your message and respond shortly.
202,Help MocoQueen <help@mocoqueen.com>,"Dear Tanya,  Thank you so much for your quick response, and I‚Äôm truly sorry again for the trouble this has caused üò¢  Yes, please kindly send us a clea",General Inquiry,Thank you for reaching out. We will review your message and respond shortly.
203,Help MocoQueen <help@mocoqueen.com>,"Dear Ashley,  Thank you so much for your message, and I'm truly sorry to hear about the delay with your order. I completely understand your frustratio",Shipping Delay,We apologize for the delay. Your package is in transit and we are monitoring it closely. Thank you for your patience.
204,Help MocoQueen <help@mocoqueen.com>,"Dear Lucy,  Thank you very much for your interest and enthusiasm for our products. We truly value your support.  Regarding your inquiry about prescrip",General Inquiry,Thank you for reaching out. We will review your message and respond shortly.
205,Help MocoQueen <help@mocoqueen.com>,"Dear April,  Thank you for bringing this matter to our attention, and we sincerely apologize for the inconvenience caused by the issue you have experi",General Inquiry,Thank you for reaching out. We will review your message and respond shortly.
206,‚Ä¢Royale Maya‚Ä¢ <piercelamaya@gmail.com>,"Okay thank you so much  On Sun, Apr 27, 2025 at 11:05‚ÄØPM Help MocoQueen <help@mocoqueen.com> wrote:  > Dear ‚Ä¢Royale, > > Thank you so much for your me",General Inquiry,Thank you for reaching out. We will review your message and respond shortly.
207,Help MocoQueen <help@mocoqueen.com>,"Dear Wendy,  Thank you for your message and for confirming that the lenses are still unopened. We truly appreciate your careful handling of the items.",Return Request,"Hello, please return the unopened package to the following address via USPS First Class: Name: MocoQueen, Address: 20855 Ventura Blvd Ste 10AC, City: Woodland Hills, CA, Zip: 91364-0830, Country: USA. Please send us the tracking number once shipped. Refund will be processed after we receive and inspect the package. Original shipping cost is non-refundable, and return shipping is the customer's responsibility. More info: https://mocoqueen.com/pages/return-exchange-and-cancellation"
208,Help MocoQueen <help@mocoqueen.com>,"Dear Willa,  On behalf of our team, I extend our sincerest gratitude to you! Thank you for taking the time to participate in our survey and for expres",General Inquiry,Thank you for reaching out. We will review your message and respond shortly.
209,Help MocoQueen <help@mocoqueen.com>,"Dear Roger,  Thank you for reaching out to us, and we sincerely apologize for the inconvenience.  We‚Äôve looked into your order (#135838), and it has a",Return Request,"Hello, please return the unopened package to the following address via USPS First Class: Name: MocoQueen, Address: 20855 Ventura Blvd Ste 10AC, City: Woodland Hills, CA, Zip: 91364-0830, Country: USA. Please send us the tracking number once shipped. Refund will be processed after we receive and inspect the package. Original shipping cost is non-refundable, and return shipping is the customer's responsibility. More info: https://mocoqueen.com/pages/return-exchange-and-cancellation"
210,Help MocoQueen <help@mocoqueen.com>,"Dear LEX, Thank you for ordering our products.We have checked your *order number * *131368*  and found that the shipment has been returned to our ware",Return Request,"Hello, please return the unopened package to the following address via USPS First Class: Name: MocoQueen, Address: 20855 Ventura Blvd Ste 10AC, City: Woodland Hills, CA, Zip: 91364-0830, Country: USA. Please send us the tracking number once shipped. Refund will be processed after we receive and inspect the package. Original shipping cost is non-refundable, and return shipping is the customer's responsibility. More info: https://mocoqueen.com/pages/return-exchange-and-cancellation"
211,Help MocoQueen <help@mocoqueen.com>,"Dear Caden,  Thank you for reaching out. We apologize for any inconvenience. We have verified that order #136821 has already been shipped, and the tra",General Inquiry,Thank you for reaching out. We will review your message and respond shortly.
212,Help MocoQueen <help@mocoqueen.com>,"Dear Marvin,  Thank you for reaching out to us! üòä  We‚Äôve checked your order (#133891), and it appears that it was placed as a guest, which is why it‚Äôs",Shipping Delay,We apologize for the delay. Your package is in transit and we are monitoring it closely. Thank you for your patience.
213,Help MocoQueen <help@mocoqueen.com>,"Dear yadid,  Thank you so much for contacting us, and I‚Äôm truly sorry to hear that you had a difficult experience with the *Demon Slayer Rengoku Red Y",General Inquiry,Thank you for reaching out. We will review your message and respond shortly.
214,Help MocoQueen <help@mocoqueen.com>,"Dear Zachary,  We have processed a refund for your order. The refund will be credited back to the original payment method used for your purchase.  Typ",Return Request,"Hello, please return the unopened package to the following address via USPS First Class: Name: MocoQueen, Address: 20855 Ventura Blvd Ste 10AC, City: Woodland Hills, CA, Zip: 91364-0830, Country: USA. Please send us the tracking number once shipped. Refund will be processed after we receive and inspect the package. Original shipping cost is non-refundable, and return shipping is the customer's responsibility. More info: https://mocoqueen.com/pages/return-exchange-and-cancellation"
215,Help MocoQueen <help@mocoqueen.com>,"---------- Forwarded message --------- From: <no-reply@goaffpro.com> Date: Mon, May 19, 2025 at 11:41‚ÄØAM Subject: [General] New message from Avey To:",General Inquiry,Thank you for reaching out. We will review your message and respond shortly.
